{"stats":{"minecraft:custom":{"minecraft:jump":10,"minecraft:time_since_rest":4858,"minecraft:crouch_one_cm":116,"minecraft:walk_on_water_one_cm":1494,"minecraft:sprint_one_cm":553,"minecraft:play_time":4858,"minecraft:damage_taken":140,"minecraft:time_since_death":4858,"minecraft:walk_one_cm":2124,"minecraft:sneak_time":231,"minecraft:total_world_time":4858,"minecraft:walk_under_water_one_cm":13637,"minecraft:swim_one_cm":2546,"minecraft:fall_one_cm":963,"minecraft:fly_one_cm":55588},"minecraft:picked_up":{"minecraft:gravel":3},"minecraft:used":{"minecraft:brush":5,"minecraft:suspicious_gravel":11}},"DataVersion":3465}