{"stats":{"minecraft:picked_up":{"minecraft:suspicious_gravel":1,"minecraft:azure_bluet":1,"minecraft:red_wool":2,"minecraft:gravel":7,"minecraft:gunpowder":2,"minecraft:orange_wool":1},"minecraft:used":{"minecraft:shroomlight":7,"minecraft:dirt":1,"minecraft:suspicious_gravel":11,"minecraft:emerald_block":1,"minecraft:crafting_table":1,"minecraft:red_wool":2,"minecraft:birch_planks":222,"minecraft:grass_block":5,"minecraft:spruce_stairs":11,"minecraft:birch_log":45,"minecraft:netherite_axe":10,"minecraft:orange_wool":11,"minecraft:brush":10,"minecraft:stripped_spruce_wood":61},"minecraft:dropped":{"minecraft:suspicious_gravel":1},"minecraft:mined":{"minecraft:gravel":4,"minecraft:suspicious_gravel":1},"minecraft:killed":{"minecraft:creeper":1},"minecraft:custom":{"minecraft:time_since_rest":42441,"minecraft:crouch_one_cm":1921,"minecraft:sprint_one_cm":23505,"minecraft:play_time":54027,"minecraft:deaths":2,"minecraft:damage_taken":140,"minecraft:walk_one_cm":32227,"minecraft:sneak_time":1168,"minecraft:walk_under_water_one_cm":13637,"minecraft:mob_kills":1,"minecraft:drop":1,"minecraft:jump":160,"minecraft:damage_dealt":200,"minecraft:leave_game":2,"minecraft:walk_on_water_one_cm":1494,"minecraft:time_since_death":42417,"minecraft:total_world_time":54027,"minecraft:interact_with_crafting_table":1,"minecraft:swim_one_cm":2546,"minecraft:fall_one_cm":963,"minecraft:fly_one_cm":178958}},"DataVersion":3465}