{"stats":{"minecraft:dropped":{"minecraft:suspicious_gravel":1},"minecraft:custom":{"minecraft:time_since_rest":24706,"minecraft:crouch_one_cm":575,"minecraft:sprint_one_cm":5920,"minecraft:play_time":36292,"minecraft:deaths":2,"minecraft:damage_taken":140,"minecraft:walk_one_cm":7156,"minecraft:sneak_time":517,"minecraft:walk_under_water_one_cm":13637,"minecraft:drop":1,"minecraft:jump":57,"minecraft:leave_game":2,"minecraft:walk_on_water_one_cm":1494,"minecraft:time_since_death":24682,"minecraft:total_world_time":36292,"minecraft:swim_one_cm":2546,"minecraft:fall_one_cm":963,"minecraft:fly_one_cm":138731},"minecraft:mined":{"minecraft:gravel":4,"minecraft:suspicious_gravel":1},"minecraft:picked_up":{"minecraft:suspicious_gravel":1,"minecraft:red_wool":2,"minecraft:gravel":7,"minecraft:orange_wool":1},"minecraft:used":{"minecraft:suspicious_gravel":11,"minecraft:emerald_block":1,"minecraft:red_wool":2,"minecraft:orange_wool":11,"minecraft:brush":10}},"DataVersion":3465}